{
  "NonViolentDeath": { "RiskFactorGroups": [] },
  "Cancer": { "RiskFactorGroups": [] },
  "HeartDiseases": {
    "RiskFactorGroups": [
      {
        "normalisingFactors": {
          "age_classification": [],
          "age_prevalences": [
            0.7460000000000001,
            0.7460000000000001,
            0.7460000000000001,
            0.7460000000000001,
            0.7460000000000001,
            0.7460000000000001,
            0.7460000000000001,
            0.7460000000000001,
            0.7460000000000001,
            0.7460000000000001,
            0.7460000000000001,
            0.7460000000000001,
            0.7460000000000001,
            0.7460000000000001,
            0.7460000000000001,
            0.7460000000000001,
            0.7460000000000001,
            0.7460000000000001,
            0.7460000000000001,
            0.7460000000000001,
            0.7460000000000001,
            0.7460000000000001
          ]
        },
        "interactionFunction": "multiplicative",
        "riskRatioTables": [
          {
            "riskRatioTable": [
              [[",0.75"], 1.0, 0.20000000000000004],
              [["0.75,1.5"], 0.83, 0.20000000000000004],
              [["1.5,2.5"], 0.74, 0.20000000000000004],
              [["2.5,3.5"], 0.58, 0.20000000000000004],
              [["3.5+"], 0.58, 0.20000000000000004]
            ],
            "riskFactorNames": ["Greens"],
            "interpolationTable": {
              "lower_truncation": 0.58,
              "interpolation_variables": ["Greens"],
              "global_min": {
                "minValue": 0.5069405703494241,
                "minLocation": { "x0": 3.5 }
              },
              "cells": [
                {
                  "interpolation_polynomial": "0.9595671161799199+-0.10948935673482588*x0^1",
                  "interpolation_domains": [",0.75"],
                  "min": {
                    "minValue": 0.8774500986288004,
                    "minLocation": { "x0": 0.75 }
                  }
                },
                {
                  "interpolation_polynomial": "0.9619533811735314+-0.11903441670927203*x0^1+0.01272674663259488*x0^2+-0.005656331836708836*x0^3",
                  "interpolation_domains": ["0.75,1.5"],
                  "min": {
                    "minValue": 0.7929468160840696,
                    "minLocation": { "x0": 1.5 }
                  }
                },
                {
                  "interpolation_polynomial": "0.9435791407227191+-0.08228593580764747*x0^1+-0.011772240635154835*x0^2+-0.00021211244387556605*x0^3",
                  "interpolation_domains": ["1.5,2.5"],
                  "min": {
                    "minValue": 0.6609735402983269,
                    "minLocation": { "x0": 2.5 }
                  }
                },
                {
                  "interpolation_polynomial": "0.870665488140176+0.005210447291404269*x0^1+-0.04677079387477552*x0^2+0.004454361321407191*x0^3",
                  "interpolation_domains": ["2.5,3.5"],
                  "min": {
                    "minValue": 0.5069405703494241,
                    "minLocation": { "x0": 3.5 }
                  }
                },
                {
                  "interpolation_polynomial": "1.0616462297955094+-0.15848733127031006*x0^1",
                  "interpolation_domains": ["3.5+"],
                  "min": {
                    "minValue": 0.5069405703494242,
                    "minLocation": { "x0": 3.5 }
                  }
                }
              ]
            }
          }
        ]
      }
    ]
  },
  "InfectiousDisease": { "RiskFactorGroups": [] },
  "RespiratoryDiseases": { "RiskFactorGroups": [] },
  "Accidents": { "RiskFactorGroups": [] },
  "ViolentDeath": { "RiskFactorGroups": [] }
}
