{ "BreastCancer": {
    "Age": {
      "age_classification": [],
      "age_prevalences": [
        0.0,
        0.0,
        0.0,
        0.0,
        0.0,
        4.364491994517849e-7,
        4.82082494502213e-6,
        1.6211019349825715e-5,
        3.799886053615037e-5,
        6.988326192921608e-5,
        0.0001078128816477868,
        0.0001569283582170227,
        0.00020365899107958744,
        0.0002663990539332587,
        0.0003223435077733724,
        0.00040774769385490357,
        0.0005261082480342889,
        0.000693011520448527,
        0.0009219501754919615,
        0.0011459942166751607,
        0.001389930438830131,
        0.0012881421665720183
      ]
    },
    "RiskFactorGroups": [
      {
        "normalisingFactors": {
          "age_classification": [],
          "age_prevalences": [
            45.52917720042549,
            45.54415333396998,
            45.56633393004996,
            45.587483280158686,
            45.45514467521699,
            45.41047413103182,
            45.843397928486986,
            46.34856644497824,
            46.63303100553419,
            46.87482829332889,
            46.95817340906825,
            47.37586537575147,
            47.85724123043037,
            48.525143681397935,
            48.995235786315234,
            50.128827996444365,
            51.707027971060015,
            54.418779726392344,
            58.4839853213929,
            63.40930003028934,
            69.07433823537022,
            74.7634816654432
          ]
        },
        "interactionFunction": "multiplicative",
        "riskRatioTables": [
          {
            "riskRatioTable": [
              [["No", "0"], 0.88],
              [["Yes", "0"], 1.24],
              [["No", "0,5.0"], 0.88],
              [["Yes", "0,5.0"], 1.16],
              [["No", "5.0,11.25"], 0.88],
              [["Yes", "5.0,11.25"], 1.07],
              [["No", "11.25,20.0"], 0.88],
              [["Yes", "11.25,20.0"], 1.0],
              [["No", "20.0+"], 0.88],
              [["Yes", "20.0+"], 1.0]
            ],
            "riskFactorNames": [
              "OralContraceptiveEver",
              "OralContraceptiveSinceStop"
            ],
            "interpolationTable": {
              "interpolation_variables": ["OralContraceptiveSinceStop"],
              "non_interpolation_variables": ["OralContraceptiveEver"],
              "global_min": {
                "minValue": 0.8799999999999953,
                "minLocation": { "OralContraceptiveEver": "No", "x0": 0.0 }
              },
              "cells": [
                {
                  "interpolation_polynomial": "0.8799999999999953+4.954370247389761e-16*x0^1+1.1102230246251568e-18*x0^3",
                  "interpolation_domains": ["0,5.0"],
                  "non_interpolation_domains": ["No"],
                  "min": {
                    "minValue": 0.8799999999999953,
                    "minLocation": { "x0": 0.0 }
                  }
                },
                {
                  "interpolation_polynomial": "0.8799999999999956+3.6221026178395734e-16*x0^1+2.6645352591003762e-17*x0^2+-6.661338147750937e-19*x0^3",
                  "interpolation_domains": ["5.0,11.25"],
                  "non_interpolation_domains": ["No"],
                  "min": {
                    "minValue": 0.8799999999999979,
                    "minLocation": { "x0": 5.0 }
                  }
                },
                {
                  "interpolation_polynomial": "0.8799999999999949+5.549132582010382e-16*x0^1+9.516197353929929e-18*x0^2+-1.586032892321652e-19*x0^3",
                  "interpolation_domains": ["11.25,20.0"],
                  "non_interpolation_domains": ["No"],
                  "min": {
                    "minValue": 0.8800000000000021,
                    "minLocation": { "x0": 11.25 }
                  }
                },
                {
                  "interpolation_polynomial": "0.8799999999999936+7.452372052796364e-16*x0^1",
                  "interpolation_domains": ["20.0+"],
                  "non_interpolation_domains": ["No"]
                },
                {
                  "interpolation_polynomial": "1.2243799189530047+-0.02079013410362532*x0^1+4.3402266112412165e-05*x0^3",
                  "interpolation_domains": ["0,5.0"],
                  "non_interpolation_domains": ["Yes"],
                  "min": {
                    "minValue": 1.1258545316989297,
                    "minLocation": { "x0": 5.0 }
                  }
                },
                {
                  "interpolation_polynomial": "1.2320058216820509+-0.025365675741053022*x0^1+0.0009151083274855412*x0^2+-1.7604955719957238e-05*x0^3",
                  "interpolation_domains": ["5.0,11.25"],
                  "non_interpolation_domains": ["Yes"],
                  "min": {
                    "minValue": 1.0373939361991384,
                    "minLocation": { "x0": 11.25 }
                  }
                },
                {
                  "interpolation_polynomial": "1.2243475781958923+-0.02332347747807742*x0^1+0.0007335795929988213*x0^2+-1.2226326549980342e-05*x0^3",
                  "interpolation_domains": ["11.25,20.0"],
                  "non_interpolation_domains": ["Yes"],
                  "min": {
                    "minValue": 0.9534992534340296,
                    "minLocation": { "x0": 20.0 }
                  }
                },
                {
                  "interpolation_polynomial": "1.1265369657960496+-0.008651885618101002*x0^1",
                  "interpolation_domains": ["20.0+"],
                  "non_interpolation_domains": ["Yes"]
                }
              ]
            }
          },
          {
            "riskRatioTable": [
              [["Female"], 93.3],
              [["Male"], 1.0]
            ],
            "riskFactorNames": ["Sex"],
            "interpolationTable": {
              "non_interpolation_variables": ["Sex"],
              "global_min": {
                "minValue": 1.0,
                "minLocation": { "Sex": "Male" }
              },
              "cells": [
                { "value": 93.3, "non_interpolation_domains": ["Female"] },
                { "value": 1.0, "non_interpolation_domains": ["Male"] }
              ]
            }
          }
        ]
      }
    ]
  }
}