{"Alzheimers": {"total": 93567.0, "proportion": 0.035568691553257814}, "Anemia": {"total": 5212.0, "proportion": 0.00198129704249981}, "Appendix_Disease": {"total": 391.0, "proportion": 0.0001486352923287463}, "BornWith": {"total": 21377.0, "proportion": 0.008126282977267543}, "BladderCancer": {"total": 15790.0, "proportion": 0.0060024329050406755}, "BrainCancer": {"total": 16025.0, "proportion": 0.006091766137002965}, "BreastCancer": {"total": 41725.0, "proportion": 0.015861400440964037}, "CancerInSitu": {"total": 16062.0, "proportion": 0.0061058313692693685}, "CervixCancer": {"total": 4126.0, "proportion": 0.0015684634684102487}, "ColonCancer": {"total": 52301.0, "proportion": 0.019881776020679694}, "EatingTubeCancer": {"total": 14956.0, "proportion": 0.0056853949669276975}, "KidneyCancer": {"total": 13929.0, "proportion": 0.005294989736181859}, "LarynxCancer": {"total": 3764.0, "proportion": 0.0014308522770470615}, "Leukemia": {"total": 21508.0, "proportion": 0.008176081502318862}, "LiverCancer": {"total": 24743.0, "proportion": 0.00940583897209762}, "LungCancer": {"total": 155746.0, "proportion": 0.05920550444765453}, "MouthCancer": {"total": 9416.0, "proportion": 0.0035794115410932867}, "OtherCancer": {"total": 104941.0, "proportion": 0.03989241998023264}, "OvaryCancer": {"total": 14212.0, "proportion": 0.005402569755949213}, "PancreasCancer": {"total": 40474.0, "proportion": 0.01538584353379457}, "ProstateCancer": {"total": 28372.0, "proportion": 0.01078537215844294}, "SkinCancer": {"total": 9343.0, "proportion": 0.003551661217973086}, "StomachCancer": {"total": 11337.0, "proportion": 0.004309663194708432}, "UterusCancer": {"total": 9743.0, "proportion": 0.0037037177830152816}, "Childbirth": {"total": 1130.0, "proportion": 0.0004295597962442028}, "Chronic_Liver_Disease": {"total": 38264.0, "proportion": 0.01454573101193644}, "Diabetes": {"total": 76588.0, "proportion": 0.02911427050862921}, "DoctorError": {"total": 2544.0, "proportion": 0.0009670797536683646}, "Gallbladder_Disease": {"total": 3472.0, "proportion": 0.0013198509845662586}, "Ischemic": {"total": 365400.0, "proportion": 0.13890367216604577}, "OtherHeartDiseases": {"total": 310544.0, "proportion": 0.11805063483615905}, "Stroke": {"total": 133316.0, "proportion": 0.050678932562913406}, "Hernia": {"total": 1981.0, "proportion": 0.0007530601383714742}, "Flu": {"total": 4618.0, "proportion": 0.0017554930434121494}, "Hepatitis": {"total": 8098.0, "proportion": 0.003078385159279252}, "HIV": {"total": 6753.0, "proportion": 0.002567094959324869}, "Malaria": {"total": 8.0, "proportion": 3.0411313008439138e-06}, "Menigitis": {"total": 539.0, "proportion": 0.0002048962213943587}, "Pneumonia": {"total": 50699.0, "proportion": 0.0192727894776857}, "Salmonella": {"total": 45.0, "proportion": 1.7106363567247016e-05}, "Syphilis": {"total": 43.0, "proportion": 1.634608074203604e-05}, "Tubercolosis": {"total": 498.0, "proportion": 0.00018931042347753365}, "Whooping_Cough": {"total": 14.0, "proportion": 5.321979776476849e-06}, "Kidney_Disease": {"total": 48888.0, "proportion": 0.018584353379457158}, "Malnutrition": {"total": 4111.0, "proportion": 0.0015627613472211663}, "OtherDiseases": {"total": 338944.0, "proportion": 0.12884665095415496}, "Parkinsons": {"total": 26156.0, "proportion": 0.009942978788109177}, "Peptic_ulcer": {"total": 3045.0, "proportion": 0.0011575306013837147}, "Prostate_Disease": {"total": 549.0, "proportion": 0.0002086976355204136}, "Asthma": {"total": 3662.0, "proportion": 0.0013920778529613017}, "Bronchitis": {"total": 563.0, "proportion": 0.00021401961529689045}, "COPD": {"total": 135499.0, "proportion": 0.051508781266631186}, "Emphysema": {"total": 7459.0, "proportion": 0.0028354747966243443}, "Other_Respiratory_Diseases": {"total": 37270.0, "proportion": 0.014167870447806584}, "Pneumonitis": {"total": 18800.0, "proportion": 0.007146658556983198}, "Sepsis": {"total": 39003.0, "proportion": 0.014826655515851897}, "Unknown_Disease": {"total": 32344.0, "proportion": 0.012295293849311944}, "OtherAccidents": {"total": 98551.0, "proportion": 0.03746331635368357}, "Transport": {"total": 38251.0, "proportion": 0.01454078917357257}, "Homicide": {"total": 15878.0, "proportion": 0.006035885349349958}, "Police": {"total": 519.0, "proportion": 0.00019729339314224892}, "Suicide": {"total": 42870.0, "proportion": 0.016296662358397322}, "UndeterminedIntent": {"total": 4610.0, "proportion": 0.0017524519121113055}, "War": {"total": 14.0, "proportion": 5.321979776476849e-06}}