{"AlzheimersDeprecated": {
    "Age": {
      "age_classification": [],
      "age_prevalences": [
        0.0,
        0.0,
        0.0,
        0.0,
        0.0,
        4.364491994517849e-8,
        0.0,
        0.0,
        4.015731628655257e-7,
        1.942550713807257e-7,
        1.1489827529071418e-6,
        3.322876020970272e-6,
        1.2923350723607694e-5,
        3.948049060515136e-5,
        0.00011562605177619755,
        0.00039754271281268786,
        0.0012519053752409015,
        0.00326628551033042,
        0.006847466113496561,
        0.012037385421419643,
        0.01781265892615483,
        0.019516046373117997
      ]
    },
    "RiskFactorGroups": [
      {
        "normalisingFactors": {
          "age_classification": [],
          "age_prevalences": [
            0.6670445412608695,
            0.6670445412608695,
            0.6670445412608695,
            0.6670445412608695,
            0.6670445412608695,
            0.6670445412608695,
            0.6670445412608695,
            0.6670445412608695,
            0.6670445412608695,
            0.6670445412608695,
            0.6670445412608695,
            0.6670445412608695,
            0.6670445412608695,
            0.6670445412608695,
            0.6670445412608695,
            0.6670445412608695,
            0.6670445412608695,
            0.6670445412608695,
            0.6670445412608695,
            0.6670445412608695,
            0.6670445412608695,
            0.6670445412608695
          ]
        },
        "interactionFunction": "multiplicative",
        "riskRatioTables": [
          {
            "riskRatioTable": [
              [["0,2.5"], 1.0, 0.4300232434782609],
              [["2.5,5"], 0.35, 0.4309788565217392],
              [["5,10"], 0.62, 0.1389979],
              [["10+"], 0.62, 0.0]
            ],
            "riskFactorNames": ["Caffeine"],
            "interpolationTable": {
              "upper_truncation": 1.0,
              "interpolation_variables": ["Caffeine"],
              "global_min": {
                "minValue": 0.4000862725362226,
                "minLocation": { "x0": 5.288827484773481 }
              },
              "cells": [
                {
                  "interpolation_polynomial": "1.2108414920506234+-0.24968084658231016*x0^1+0.003962679231741448*x0^3",
                  "interpolation_domains": ["0,2.5"],
                  "min": {
                    "minValue": 0.6485562385908081,
                    "minLocation": { "x0": 2.5 }
                  }
                },
                {
                  "interpolation_polynomial": "1.2658787036025914+-0.31572550044467157*x0^1+0.026417861544944576*x0^2+0.0004402976924155052*x0^3",
                  "interpolation_domains": ["2.5,5"],
                  "min": {
                    "minValue": 0.40273495155478617,
                    "minLocation": { "x0": 5.0 }
                  }
                },
                {
                  "interpolation_polynomial": "1.5961019729143389+-0.5138594620317202*x0^1+0.06604465386235428*x0^2+-0.0022014884620784768*x0^3",
                  "interpolation_domains": ["5,10"],
                  "min": {
                    "minValue": 0.4000862725362226,
                    "minLocation": { "x0": 5.288827484773481 }
                  }
                },
                {
                  "interpolation_polynomial": "-0.605386489164137+0.14658707659182268*x0^1",
                  "interpolation_domains": ["10+"],
                  "min": {
                    "minValue": 0.8604842767540899,
                    "minLocation": { "x0": 10.0 }
                  }
                }
              ]
            }
          }
        ]
      },
      {
        "normalisingFactors": {
          "age_classification": [],
          "age_prevalences": [
            0.7350022,
            0.7350022,
            0.7350022,
            0.7350022,
            0.7350022,
            0.7350022,
            0.7350022,
            0.7350022,
            0.7350022,
            0.7350022,
            0.7350022,
            0.7350022,
            0.7350022,
            0.7350022,
            0.7350022,
            0.7350022,
            0.7350022,
            0.7350022,
            0.7350022,
            0.7350022,
            0.7350022,
            0.7350022
          ]
        },
        "interactionFunction": "multiplicative",
        "riskRatioTables": [
          {
            "riskRatioTable": [
              [["1,2.2"], 1.0, 0.10000000000000002],
              [["2.2,3.2"], 0.8426725, 0.4000000000000001],
              [["3.2,4"], 0.612333, 0.4000000000000001],
              [["4,5"], 0.53, 0.10000000000000002],
              [["5+"], 0.53, 0.0]
            ],
            "riskFactorNames": ["CognitiveActivity"],
            "interpolationTable": {
              "lower_truncation": 0.53,
              "upper_truncation": 1.0,
              "interpolation_variables": ["CognitiveActivity"],
              "global_min": {
                "minValue": 0.43993292000886786,
                "minLocation": { "x0": 5.0 }
              },
              "cells": [
                {
                  "interpolation_polynomial": "1.2787008507969895+-0.1748477334001362*x0^1+0.006275517994531368*x0^2+-0.002091839331510456*x0^3",
                  "interpolation_domains": ["1,2.2"],
                  "min": {
                    "minValue": 0.9021354392082983,
                    "minLocation": { "x0": 2.2 }
                  }
                },
                {
                  "interpolation_polynomial": "1.1986974826365633+-0.0657522313631914*x0^1+-0.04331334656771627*x0^2+0.005421624996102822*x0^3",
                  "interpolation_domains": ["2.2,3.2"],
                  "min": {
                    "minValue": 0.7224174812932332,
                    "minLocation": { "x0": 3.2 }
                  }
                },
                {
                  "interpolation_polynomial": "1.297867196133217+-0.15872383776630428*x0^1+-0.014259719566743503*x0^2+0.002395205516834825*x0^3",
                  "interpolation_domains": ["3.2,4"],
                  "min": {
                    "minValue": 0.5881094850775328,
                    "minLocation": { "x0": 4.0 }
                  }
                },
                {
                  "interpolation_polynomial": "1.7601256107631664+-0.5054176487387664*x0^1+0.072413733176372*x0^2+-0.004827582211758133*x0^3",
                  "interpolation_domains": ["4,5"],
                  "min": {
                    "minValue": 0.43993292000886786,
                    "minLocation": { "x0": 5.0 }
                  }
                },
                {
                  "interpolation_polynomial": "1.1566778342933999+-0.1433489828569062*x0^1",
                  "interpolation_domains": ["5+"],
                  "min": {
                    "minValue": 0.43993292000886886,
                    "minLocation": { "x0": 5.0 }
                  }
                }
              ]
            }
          }
        ]
      },
      {
        "normalisingFactors": {
          "age_classification": [],
          "age_prevalences": [
            1.345,
            1.345,
            1.345,
            1.345,
            1.345,
            1.345,
            1.345,
            1.345,
            1.345,
            1.345,
            1.345,
            1.345,
            1.345,
            1.345,
            1.345,
            1.345,
            1.345,
            1.345,
            1.345,
            1.345,
            1.345,
            1.345
          ]
        },
        "interactionFunction": "multiplicative",
        "riskRatioTables": [
          {
            "riskRatioTable": [
              [["No"], 1.0, 0.5],
              [["Yes"], 1.69, 0.5]
            ],
            "riskFactorNames": ["DiabetesCondition"],
            "interpolationTable": {
              "lower_truncation": 1.0,